<?xml version="1.0" encoding="ISO-8859-1" ?>
<topic>
    <linkurl>_FAQ</linkurl>
    <topicheader>FAQ</topicheader>
   
   <subtopic>
      <subtopicheader>   
      What will happen if I click the cancel button during my registration?
      </subtopicheader>
<subtopiccontent>
<section>
      All data that has been entered thus far in the registration process will be completely removed.
      You will need to start from scratch should you choose to proceed after cancellation.
</section>
 </subtopiccontent>
 </subtopic>
<subtopic>
     <subtopicheader>
     Where does my personal information to recover my lost account access come from?
      
     </subtopicheader>
     <subtopiccontent>
<section>
     Optum ID has partnered with LexusNexis to automatically generate the knowledge-based identity 
     questionnaire, using information from public and proprietary records, you may encounter throughout your Self-service 
     account maintenance experience.
     

</section>
    </subtopiccontent>
 </subtopic>
 <subtopic>
    <subtopicheader>
    How many times can I mistype my password before my account is locked?
    
    </subtopicheader>
  <subtopiccontent>
<section>
    You are allowed 3 attempts to enter the correct password before your account will be locked.
</section>
   </subtopiccontent>
  </subtopic>
 <subtopic>
     <subtopicheader>
    What happens if I cannot get access to my email to accept the update?
    </subtopicheader>
    <subtopiccontent>
<section>
    Utilize the &quot;Lost access to primary email&quot; workflow above to get access to your user profile,
    or register for a new Optum ID.
</section>
    </subtopiccontent>
 </subtopic>
<subtopic>
     <subtopicheader>
    Can I share my Optum ID with my colleagues or friends and family?
    </subtopicheader>
    <subtopiccontent>
<section>
No. Each individual must create their own Optum ID profile in order to protect one&#39;s identity 
in the healthcare eco system, similar to a driver&#39;s license or banking information. 
</section>
    </subtopiccontent>
 </subtopic>
 </topic>
