<?xml version="1.0" encoding="ISO-8859-1" ?>
<topic>
    <linkurl>_What_is_Optum_ID</linkurl>
    <topicheader>What is Optum ID</topicheader>
   
    <subtopic>
    <subtopicheader></subtopicheader>
    <subtopiccontent>
    <section>
      Instead of having to manage and maintain multiple user identities across applications, Optum ID empowers the user to register
      for a single health identity (their Optum ID) and use it to authenticate oneself to any application that allows 
      &#39;Sign in with Optum ID&#39;.  Applications that enable &#39;Sign in with Optum ID&#39; are referred to in this document as Relying Party 
      application or Service Provider application.
      </section>
     </subtopiccontent>
     </subtopic>
 </topic>
