<?xml version="1.0" encoding="ISO-8859-1"?>
<topic>
    <linkurl>_Registration</linkurl>
    <topicheader>Registering for your Optum ID</topicheader>
    <subtopic>
    <subtopicheader></subtopicheader>
    <subtopiccontent>

    <section name="olist">
       <text>
        All new users will first need to register for an Optum ID. You may initiate  
        the registration process in one of the following three contexts:
        </text>
       
       <text>
       &#160;&#160;&#160;&#160;a)&#160;&#160;You have received an invitation to register at your email address by the 
       Service Provider Application.The invitation includes a link to begin the registration.
       <br/><br/>
       &#160;&#160;&#160;&#160;b)&#160;&#160;You have logged into an application that has automatically redirected you to register
        for an Optum ID for future access.
       <br/><br/>
       &#160;&#160;&#160;&#160;c)&#160;&#160;You are registering for an Optum ID independently by clicking on 
       the &quot;Register&quot; option from the login page, if available.    
       </text>
       <text>
        To register for your new Optum ID in any of the contexts mentioned above, 
        you will be required to provide the following details (* indicates a required field):
        </text>
         <item>First Name*.</item>
         <item>Last Name*</item>
         <item>Suffix</item>
        <item>Email*</item>
        <item>Username*</item>
        <item>Password*</item>
        <btext>  
	     In addition to the above details, if you are registering or logging in within the context of a specific Service Provider
         application (i.e., contexts a &amp; b above), you may be prompted to provide additional personal information such as
         Date of Birth and/or security information such as Security Questions and Answers depending on the respective 
         application&#39;s preference and requirements.
		</btext>
       </section>
    </subtopiccontent>
    </subtopic>
    
    
    
    <subtopic>
    <subtopicheader>User name rules</subtopicheader>
    <subtopiccontent>
    <section name="ulist"> 
      <item >Must be 6-20 characters.</item>
   <item > Must contain 1 alpha character.</item>
   <item>May not contain spaces.</item>
   <item >Only alphanumeric and hyphens.</item>
    <btext>
        Note: Rules are also displayed when you click in the User Name field.
    </btext>
    </section>    
    </subtopiccontent>
    </subtopic>
    
    <subtopic>
    <subtopicheader><a name="Password_Rules">Password rules</a></subtopicheader>
    <subtopiccontent>
     
     <section name="ulist">
   <text> 
    You are required to minimally set a good to strong password.
    Please note that your last 10 passwords cannot be reused. The following recommendations will appear on 
     the screen to help you choose a secure password for Optum ID during the registration process.
   </text>  
	<item >8-12 characters.
</item>
	<item >Maximum 2 repeating characters.
</item>
	<item >1 upper case letter.
</item>
	<item >1 lower case letter.
</item>
	<item >1 numeric character.
</item>
	<item >1 special character except &#038;
</item>
              <item >No spaces.
</item>
	<item >Must not include username.
</item>
	
 <btext>
        Note: Rules are also displayed when you click in the Password field.
 </btext>
</section>
    </subtopiccontent>
    </subtopic>
     <subtopic>
    <subtopicheader>Terms, Conditions and Privacy Policy</subtopicheader>
    
    <subtopiccontent>
    <section>
       All users must agree to the Optum ID terms and conditions to complete the registration process.
      You must also agree to the Optum ID privacy policy. You will be prompted for these agreements 
      during your registration. You can review them by clicking on the respective links from the registration page.
      Should the terms of use change after registration, 
      the new terms of use will be displayed to you the next time you authenticate using Optum ID.
    </section>
    
    </subtopiccontent>
    </subtopic>
    <subtopic>
    <subtopicheader>Email validation</subtopicheader>
    <subtopiccontent>
    <section name="ulist">
       <text>
        The security of your Optum ID is of the utmost importance to us. 
        Therefore, upon successful registration, you will be navigated to a screen that will
         prompt you to enter a confirmation code.  This code will be sent to the primary email 
         provided on your profile.  The email will be sent from &#39;id@optum.com&#39;. If you do not
          receive this email, please check in your spam folder. Otherwise, you can send yourself another code
          by choosing the &#39;Send another code&#39; option from this screen. 
       </text>
      
    </section>
     <section name="ulist">
       <text>
         From within the email, you can click on the &#39;Verify now&#39; link to have confirmation code 
         pre-filled on the Confirm Email Address screen. Alternatively, you can also manually copy and paste the confirmation code onto the screen.
          Once you enter your password and confirm, 
         your email ID will be successfully validated and registration completed.
       </text>
    </section>
    </subtopiccontent>
    </subtopic>
   
  </topic>
