<?xml version="1.0" encoding="ISO-8859-1"?>
<topic>
    <linkurl>_SelfService</linkurl>
    <topicheader>Self-service account maintenance</topicheader>
    <subtopic>
      <subtopicheader></subtopicheader>
      <subtopiccontent>
      <section>
        Optum ID includes a robust set of self-service account maintenance features to aid you should 
        you lose your user name, password or simply need to change your profile details such as email or phone number.
      </section>
     </subtopiccontent>
   </subtopic>
    <subtopic>
    
    <subtopicheader>Edit profile</subtopicheader>
    <subtopiccontent>
       <section name="ulist">
          <text>
       If at any time you need to change the information stored on your Optum ID profile, 
      simply <a href="https://healthid.optum.com/tb/views/login.jsf" target="_blank">login</a> to the Optum ID profile page and make the necessary change.  Your profile is broken into the following sections.
      </text>
       <item>
             <b> Personal information:</b> All personal information fields can be added or modified with the exception of User Name.<br/> 
             Note: Storing Date of Birth and Home Address on your profile will allow you to leverage an advanced identity verification
              mechanism in a self-service manner, without contacting Optum ID Helpdesk, and reset your account credentials in case you
               forget your username and/or password along with losing access to your primary email address on file. To be successful, 
               it is crucial that you maintain authentic data.
         </item>
        <item>
            <b>Change password:</b> Enter your current password and enter and confirm your new password.  
            <br/> Please see the <a href="#Password_Rules">Password Rules</a> section above for more information.
        </item>
     <item>
         <b>Security Information:</b> You can modify the Primary Email Address at which you would like to 
         receive information related to your Optum ID account for Account Recovery support such as 
         Forgot Username and/or Password. If you change your primary email address, you will need to go 
         through the email confirmation process again. Additionally, you can add/update Security Questions 
         in this section. Security Questions may be used as an additional security measure, if needed, 
         to verify your identity and grant access to your account.
     </item>
     </section>
    </subtopiccontent>

    </subtopic>
    <subtopic>
    <subtopicheader>Lost user name</subtopicheader>
    <subtopiccontent>
    <section name="olist">
    <text>
       Should you forget your user name please use the following steps to retrieve it:
       
   </text>
   <item>
      From the Optum ID login page, click &quot;Forgot Username&quot;. 
    </item>
    <item>
      Enter your First Name, Last Name, and Primary Email Address and click &quot;Continue&quot;.
    </item>
   <item> 
     Your username will be sent to your primary email address.
    </item>
   </section>
    </subtopiccontent>
    </subtopic>
    
      <subtopic>
    <subtopicheader>Lost password</subtopicheader>
<subtopiccontent>
      <section name="olist">
      <text>
    Should you forget your password please use the following steps to retrieve it:
    </text>
   <item> From the Optum ID login page, click &quot;Forgot Password&quot;.
</item>
    <item>Enter your First Name, Last Name, and Primary Email Address and click &quot;Continue&quot;.
    </item>
    <item> A link to reset your Password and Security Questions will be sent to your primary email address. 
    </item>
    <item>
     Upon successfully resetting your security credentials, you will be returned to your point of origin.
    </item>
    </section>
    </subtopiccontent>
    </subtopic>
   
    
    <subtopic>
    <subtopicheader>Unlock your account</subtopicheader>
    <subtopiccontent>
      <section name="olist">
       <text>
    Should you enter an incorrect password after 3 attempts, your account will be locked to ensure the security of your Optum ID.  
     To unlock your account, please use the following steps:
       </text>
   <item> Click on &quot;Unlock My Account&quot; 
   </item>
   
     <item>A temporary password will be assigned and sent to your primary email address. 
     </item>
     <item>Navigate to the Optum ID login screen and enter your username and temporary password.
     </item>
 <item>You will be prompted to enter your current, i.e. temporary, password and select and confirm a new password for your Optum ID. 
  </item>
  <item>You will be navigated to your point of origin once your password change is complete. 
  </item>
</section>
    </subtopiccontent>
    </subtopic>

    
    
    
    <subtopic>
    <subtopicheader>Lost access to primary email</subtopicheader>
    <subtopiccontent>
      <section name="olist">
      <text>
      The self-service support available to recover your lost username or password relies heavily on your access to 
      the verified primary email address on file. Therefore, in the event that you lose your account credentials 
      (username/password) and have lost access to your primary email address, please use the following steps to change it:
        
      </text>
   <item>Select the Forgot Username or Forgot Password options respectively from the login page.</item>
   <item>Enter your First Name, Last Name, and Primary Email Address and click &quot;Continue&quot;.</item>
   <item>On the following screen, where you are notified of an email sent which includes information to recover your 
    credentials, select an option called &quot;Account Recovery&quot; under header &quot;Lost access to your email account?&quot;. </item>
   
   <item>If your profile includes Date of Birth and  Home Address, a <a href="#Knowledge_based_identity_questionnaire"> Knowledge-based identity questionnaire </a> will be generated. 
         Answer all the questions and click &quot;Continue&quot;.  
   </item>
   <item>If your responses are correct, you will be navigated to the &quot;Reset Security Credential&quot; page 
        where you can reset your primary email address and password. On this page you can also retrieve your User Name.</item>     
        </section>
    </subtopiccontent>
    </subtopic>
  
    
    <subtopic>
    <subtopicheader>Knowledge-based identity questionnaire</subtopicheader>
    <subtopiccontent>
     <section name="ulist">
     <text>
     
    Because the security of your identity is of the upmost importance to us, Optum ID has partnered with LexusNexis 
    to provide a knowledge-based questionnaire to help verify your identity should you have forgotten any 
    key information required for your identity validation.  You may encounter this questionnaire within various 
    features of the self-service account maintenance.  Upon successful response to the questions, you will be able to 
    reset your security credentials.  If your identity verification fails, we recommend you 
    register for a new Optum ID.
    </text>
    </section>
    <section >
    <text>
    Please note that your First Name, Last Name, Date of Birth and Home Address are all required to generate this quiz.
    Therefore, this additional level of self-service account recovery support is not available to users whose profiles 
    are missing this data.  
    </text>
    </section>
    </subtopiccontent>
    </subtopic>
      
  </topic>
