<?xml version="1.0" encoding="ISO-8859-1"?>
<topic>
    <linkurl>_SignIn</linkurl>
    <topicheader>Sign-In using your Optum ID</topicheader>
    <subtopic>
    <subtopicheader></subtopicheader>
    <subtopiccontent>
     <section name="ulist">
    <text>
    The option to Sign-In with your Optum ID will be presented by the Service Provider application either as
    a hyperlink or button.  Once you click on either option, the Optum ID login screen will appear where  
    you will be prompted to enter your Optum ID credentials.  You can login using a combination of either
    Username and Password or Email (primary email on file) and Password.  
    </text>
    <text>
    Upon successful authentication you will be routed back to the Service Provider application.  
	Should your authentication fail, the appropriate reason will be displayed.
     </text>
    <text>
     The first time you access a Service Provider application via your Optum ID; 
     a screen will be displayed indicating which identity attributes 
     the service provider will be accessing from your Optum ID profile.
     </text>
     </section>
    </subtopiccontent>
    </subtopic>
 </topic>

 

 