<?xml version="1.0" encoding="ISO-8859-1" ?>
<topic>
    <linkurl>_Supported_browser_versions</linkurl>
    <topicheader>Supported browser versions</topicheader>
<subtopic>
 <subtopiccontent>
        <section name="ulist">
        <text>
          Optum ID supports the following browsers
        </text>
        <item>
          IE8+
       </item> 
       <item>
         Firefox 3+
       </item>
       <item>
         Safari
       </item>
       <item>
          Chrome
       </item>  
      </section>
     </subtopiccontent>
     </subtopic>
 </topic>
