<?xml version="1.0"?>
<faces-config xmlns="http://java.sun.com/xml/ns/javaee" xmlns:xsi="http://www.w3.org/2001/XMLSchema-instance"
		xsi:schemaLocation="http://java.sun.com/xml/ns/javaee http://java.sun.com/xml/ns/javaee/web-facesconfig_2_0.xsd"
		version="2.0">
	<!-- Empty for this simple case. Managed bean name automatically derived 
	from bean class name. Bean scope is request by default. Results pages automatically 
	derived from return value of action controller. From JSF 2.0 tutorial at 
	http://www.coreservlets.com/JSF-Tutorial/jsf2/ -->
		
	<application>
		<locale-config>
			<default-locale>en</default-locale>
			<supported-locale>en_US</supported-locale>
		</locale-config>
		<!-- Resource Bundle for Trust Broker Resources -->
		<resource-bundle>
			<base-name>trustBrokerResources</base-name>
			<var>tbResources</var>
		</resource-bundle>
		<resource-bundle>
			<base-name>verifyCodesResources</base-name>
			<var>verifyCodesResources</var>
		</resource-bundle>
	</application>
	<factory>
		<exception-handler-factory>com.optum.trustbroker.exceptions.TBExceptionHandlerFactory</exception-handler-factory>
	</factory>
	<converter>
	    <converter-id>htmlConverter</converter-id>
	    <converter-class>com.optum.trustbroker.component.html.HTMLConverter</converter-class>
	</converter>
</faces-config>