<?xml version="1.0"?>
<faces-config xmlns="http://java.sun.com/xml/ns/javaee"
	xmlns:xsi="http://www.w3.org/2001/XMLSchema-instance"
	xsi:schemaLocation="http://java.sun.com/xml/ns/javaee 
      http://java.sun.com/xml/ns/javaee/web-facesconfig_2_0.xsd"
	version="2.0">
	<!-- Empty for this simple case. Managed bean name automatically derived 
		from bean class name. Bean scope is request by default. Results pages automatically 
		derived from return value of action controller. From JSF 2.0 tutorial at 
		http://www.coreservlets.com/JSF-Tutorial/jsf2/ -->

	<application>

		<locale-config>
			<default-locale>en</default-locale>
			<supported-locale>en_US</supported-locale>
		</locale-config>

		<message-bundle>toolkitErrorMessages</message-bundle>

		<resource-bundle>
			<base-name>uiToolkitResources</base-name>
			<var>uit</var>
		</resource-bundle>

		<resource-bundle>
			<base-name>samples</base-name>
			<var>samp</var>
		</resource-bundle>

		<resource-bundle>
			<base-name>uiToolKitConfigurations</base-name>
			<var>uitConf</var>
		</resource-bundle>

		<resource-bundle>
			<base-name>toolkitErrorMessages</base-name>
			<var>toolkitErrorMessages</var>
		</resource-bundle>

		<system-event-listener>
			<system-event-listener-class>com.ingenix.uitoolkit.validators.PostValidationListener</system-event-listener-class>
			<system-event-class>javax.faces.event.PostValidateEvent</system-event-class>
			<source-class>javax.faces.component.html.HtmlInputText</source-class>
		</system-event-listener>
		<system-event-listener>
			<system-event-listener-class>com.ingenix.uitoolkit.validators.PostValidationListener</system-event-listener-class>
			<system-event-class>javax.faces.event.PostValidateEvent</system-event-class>
			<source-class>javax.faces.component.html.HtmlInputSecret</source-class>
		</system-event-listener>
		<el-resolver>org.springframework.web.jsf.el.SpringBeanFacesELResolver</el-resolver>

	</application>

	<!-- <lifecycle>
		<phase-listener id="nocache">com.ingenix.uitoolkit.util.CacheControlAndCrossFrameScroptingPhaseListener</phase-listener>
	</lifecycle> -->

	<validator>
		<validator-id>trimSpaces</validator-id>
		<validator-class>com.ingenix.uitoolkit.validators.TrimSpaces</validator-class>
	</validator>

	<validator>
		<validator-id>pwdValidator</validator-id>
		<validator-class>com.ingenix.uitoolkit.validators.PasswordValidator</validator-class>
	</validator>

	<validator>
		<validator-id>emailValidator</validator-id>
		<validator-class>com.ingenix.uitoolkit.validators.EmailValidator</validator-class>
	</validator>

	<factory>
		<exception-handler-factory>com.ingenix.uitoolkit.exceptions.UIToolkitExceptionHandlerFactory</exception-handler-factory>
	</factory>
	
	<!-- The following managed beans are for Alternate Header -->
	 <managed-bean>
         <description>alternateHeaderGlobalNavigationBean</description>
         <managed-bean-name>globalNavigationBean</managed-bean-name>
         <managed-bean-class>
             com.ingenix.uitoolkit.pojos.header.GlobalNavigationBean
         </managed-bean-class>
         <managed-bean-scope>session</managed-bean-scope>
     </managed-bean>
	 <managed-bean>
         <description>alternateHeaderPageSensitiveHelpBean</description>
         <managed-bean-name>pageSensitiveHelpBean</managed-bean-name>
         <managed-bean-class>
             com.ingenix.uitoolkit.pojos.header.PageSensitiveHelpBean
         </managed-bean-class>
         <managed-bean-scope>session</managed-bean-scope>
     </managed-bean>
     <managed-bean>
         <description>alternateHeaderPatientSearchBean</description>
         <managed-bean-name>patientsearch</managed-bean-name>
         <managed-bean-class>
             com.ingenix.uitoolkit.pojos.header.PatientSearchBean
         </managed-bean-class>
         <managed-bean-scope>session</managed-bean-scope>
     </managed-bean>
	  <managed-bean>
         <description>alternateHeaderPopulationNavigationBean</description>
         <managed-bean-name>populationNavigationBean</managed-bean-name>
         <managed-bean-class>
             com.ingenix.uitoolkit.pojos.header.PopulationNavigationBean
         </managed-bean-class>
         <managed-bean-scope>session</managed-bean-scope>
     </managed-bean>
     <managed-bean>
         <description>alternateHeaderQualityNavigationBean</description>
         <managed-bean-name>qualityNavigationBean</managed-bean-name>
         <managed-bean-class>
             com.ingenix.uitoolkit.pojos.header.QualityNavigationBean
         </managed-bean-class>
         <managed-bean-scope>request</managed-bean-scope>
         <managed-property>
              <property-name>globalNavBean</property-name>  
              <value>#{globalNavBean}</value>  
         </managed-property>  
         
     </managed-bean>
     <managed-bean>
         <description>alternateHeaderSsoSignOutBean</description>
         <managed-bean-name>ssoSignOutBean</managed-bean-name>
         <managed-bean-class>
             com.ingenix.uitoolkit.pojos.header.SsoSignOutBean
         </managed-bean-class>
         <managed-bean-scope>view</managed-bean-scope>
          <managed-property>
              <property-name>signInMessageHandlerBean</property-name>  
              <value>#{signInMessageHandler}</value>  
         </managed-property>  
     </managed-bean>
     

</faces-config>
