<?xml version="1.0" encoding="UTF-8"?>
<web-app version="2.5" xmlns="http://java.sun.com/xml/ns/javaee"
	xmlns:xsi="http://www.w3.org/2001/XMLSchema-instance"
	xsi:schemaLocation="http://java.sun.com/xml/ns/javaee http://java.sun.com/xml/ns/javaee/web-app_2_5.xsd"
	id="gwebs">

	<display-name>TrustBroker WebApp</display-name>

	<context-param>
		<param-name>contextConfigLocation</param-name>
		<param-value>classpath:/spring/ctx-webapp.xml</param-value>
	</context-param>

	<context-param>
		<param-name>org.richfaces.LoadStyleStrategy</param-name>
		<param-value>NONE</param-value>
	</context-param>

	<context-param>
		<param-name>org.richfaces.fileUpload.createTempFiles</param-name>
		<param-value>false</param-value>
	</context-param>

	<context-param>
		<param-name>org.richfaces.fileUpload.maxRequestSize</param-name>
		<param-value>10485760</param-value>
	</context-param>
	
	<context-param>
		<param-name>com.sun.faces.sendPoweredByHeader</param-name>
		<param-value>false</param-value>
	</context-param>
	
	<!-- Creates the Spring Container shared by all Servlets and Filters -->
	<listener>
		<listener-class>org.springframework.web.context.ContextLoaderListener</listener-class>
	</listener>

	<listener>
		<listener-class>com.optum.trustbroker.util.SessionListener</listener-class>
	</listener>

    <servlet>
   		<servlet-name>version-servlet</servlet-name>
   		<servlet-class>com.optum.trustbroker.version.VersionServlet</servlet-class>
   		<load-on-startup>1</load-on-startup>
    </servlet>
   	<servlet-mapping>
   		<servlet-name>version-servlet</servlet-name>
   		<url-pattern>/app-info/x/app-version</url-pattern>
   	</servlet-mapping>

	<servlet>
        <servlet-name>polling-servlet</servlet-name>
        <servlet-class>com.optum.trustbroker.extensions.SessionPollingServlet</servlet-class>
        <init-param>
            <param-name>bypassSecondaryValidation</param-name>
            <param-value>true</param-value>
        </init-param>
    </servlet>
    
	<servlet-mapping>
        <servlet-name>polling-servlet</servlet-name>
        <url-pattern>/check-server-session</url-pattern>
    </servlet-mapping>
	
	<servlet>
		<servlet-name>Faces Servlet</servlet-name>
		<servlet-class>javax.faces.webapp.FacesServlet</servlet-class>
	</servlet>

	<!-- THIS ENABLE CSS AND JS FILES COMBIUNING WITH RICHFACES -->
	<servlet>
		<servlet-name>Resource Servlet</servlet-name>
		<servlet-class>com.ingenix.uitoolkit.util.UIToolKitResouseServlet</servlet-class>
		<load-on-startup>1</load-on-startup>
	</servlet>

	<servlet-mapping>
		<servlet-name>Resource Servlet</servlet-name>
		<url-pattern>/org.richfaces.resources/*</url-pattern>
	</servlet-mapping>

	<!-- Push Servlet - listens for user sessions -->
	<servlet>
		<servlet-name>Push Servlet</servlet-name>
		<servlet-class>org.richfaces.webapp.PushServlet</servlet-class>
		<load-on-startup>1</load-on-startup>
	</servlet>
	<servlet-mapping>
		<servlet-name>Push Servlet</servlet-name>
		<url-pattern>/__richfaces_push</url-pattern>
	</servlet-mapping>
	
	<servlet>
        <servlet-name>home</servlet-name>
        <servlet-class>org.springframework.web.servlet.DispatcherServlet</servlet-class>
        <init-param>
	        <param-name>contextConfigLocation</param-name>
	        <param-value>/WEB-INF/classes/spring/ctx-spring-mvc.xml</param-value>
	    </init-param>
        <load-on-startup>1</load-on-startup>
    </servlet>
    <servlet-mapping>
        <servlet-name>home</servlet-name>
        <url-pattern>*.do</url-pattern>
    </servlet-mapping>

	<context-param>
		<param-name>org.richfaces.push.handlerMapping</param-name>
		<param-value>/__richfaces_push</param-value>
	</context-param>

	<context-param>
		<param-name>org.richfaces.push.initializeOnStartup</param-name>
		<param-value>true</param-value>
	</context-param>
 
	<context-param>
		<param-name>org.atmosphere.useBlocking</param-name>
		<param-value>true</param-value>
	</context-param>

	<context-param>
		<param-name>org.richfaces.resourceOptimization.enabled</param-name>
		<param-value>false</param-value>
	</context-param>

	<context-param>
		<param-name>javax.faces.DATETIMECONVERTER_DEFAULT_TIMEZONE_IS_SYSTEM_TIMEZONE</param-name>
		<param-value>true</param-value>
	</context-param>

	<context-param>
		<param-name>javax.faces.PROJECT_STAGE</param-name>
		<param-value>Production</param-value>
	</context-param>
	
	<context-param> 
		<param-name>javax.faces.STATE_SAVING_METHOD</param-name> 
		<param-value>client</param-value> 
	</context-param>
	
	<context-param>
	    <param-name>com.sun.faces.autoCompleteOffOnViewState</param-name>
	    <param-value>false</param-value>
	</context-param>
	
	<context-param> 
		<param-name>com.sun.faces.compressViewState</param-name>
		<param-value>true</param-value> 
	</context-param>
	<!-- Client state time out in seconds(15 minutes) -->
	<context-param> 
		<param-name>com.sun.faces.clientStateTimeout</param-name>
		<param-value>900</param-value> 
	</context-param> 
	
	<!-- THIS ENABLE CSS AND JS FILES COMBIUNING WITH RICHFACES -->
	<servlet-mapping>
		<servlet-name>Faces Servlet</servlet-name>
		<url-pattern>*.jsf</url-pattern>
	</servlet-mapping>
	<servlet>
		<servlet-name>DisplayImageServlet</servlet-name>
		<servlet-class>com.optum.trustbroker.esso.commands.util.DisplayImageServlet</servlet-class>
	</servlet>
	<servlet-mapping>
		<servlet-name>DisplayImageServlet</servlet-name>
		<url-pattern>/dispimage/*</url-pattern>
	</servlet-mapping>
	<context-param>
		<param-name>javax.faces.CONFIG_FILES</param-name>
		<param-value>
		      /WEB-INF/faces-config-uiToolKit.xml, 
		      /WEB-INF/faces-config.xml
		</param-value>
	</context-param>

	<context-param>
		<param-name>javax.faces.FACELETS_DEVELOPMENT</param-name>
		<param-value>true</param-value>
	</context-param>

	<context-param>
		<param-name>javax.faces.VALIDATE_EMPTY_FIELDS</param-name>
		<param-value>false</param-value>
	</context-param>

	<welcome-file-list>
		<welcome-file>index.jsp</welcome-file>
		<welcome-file>index.html</welcome-file>
	</welcome-file-list>
	<listener>
		<display-name>AaSessionTrackingListener</display-name>
		<listener-class>com.uhg.iam.aa.core.web.extensions.AaSessionTrackingListener</listener-class>
	</listener>
	
	<!--  for CSRF Prevention-->
	<filter>
		<filter-name>RequestSecurityFilter</filter-name>
		<filter-class>com.optum.trustbroker.filter.RequestSecurityFilter</filter-class>
	</filter>
	<filter-mapping>
		<filter-name>RequestSecurityFilter</filter-name>
		<url-pattern>/services/rest/*</url-pattern>
		<url-pattern>/services/secure/rest/*</url-pattern>
	</filter-mapping>
	
	<filter>
		<filter-name>RequestSecurityFilterOldGen</filter-name>
		<filter-class>com.optum.trustbroker.filter.RequestSecurityFilterOldGen</filter-class>
	</filter>
	<filter-mapping>
		<filter-name>RequestSecurityFilterOldGen</filter-name>
		<url-pattern>*.jsf</url-pattern>
	</filter-mapping>

	<!-- apply URL redirection to legacy URLs -->
	<filter>
		<filter-name>redirection-filter</filter-name>
		<filter-class>com.optum.trustbroker.filter.UrlMappingFilter</filter-class>
	</filter>
	<filter-mapping>
		<filter-name>redirection-filter</filter-name>
		<url-pattern>*.jsf</url-pattern>
		<url-pattern>/link/*</url-pattern>
		<url-pattern>/oidc</url-pattern>
	</filter-mapping>

	<!--  -->
	<filter>
        <filter-name>bypass-filter</filter-name>
        <filter-class>com.optum.trustbroker.extensions.BypassingFilter</filter-class>
    </filter>
    <filter-mapping>
        <filter-name>bypass-filter</filter-name>
        <url-pattern>/check-server-session</url-pattern>
    </filter-mapping>
	
	<!-- gtyagi1: ApplicationContext Integration Filter, must be first in line -->
	<filter>
		<filter-name>optumId_applicationContextIntegrationFilter</filter-name>
		<filter-class>org.springframework.web.filter.DelegatingFilterProxy</filter-class>
	</filter>
	<filter-mapping>
		<filter-name>optumId_applicationContextIntegrationFilter</filter-name>
		<url-pattern>/*</url-pattern>
	</filter-mapping>
	
	<!-- gtyagi1: Inbound SSO security filter -->
	<filter>
		<filter-name>optumId_inboundSsoSecurityFilter</filter-name>
		<filter-class>org.springframework.web.filter.DelegatingFilterProxy</filter-class>
	</filter>
	<filter-mapping>
		<filter-name>optumId_inboundSsoSecurityFilter</filter-name>
		<url-pattern>/ssoHome</url-pattern>
	</filter-mapping>	
	
	<filter>
		<filter-name>AaSessionTrackingFilter</filter-name>
		<filter-class>com.uhg.iam.aa.core.web.extensions.AaSessionTrackingFilter</filter-class>
	</filter>
	<filter-mapping>
		<filter-name>AaSessionTrackingFilter</filter-name>
		<url-pattern>*.jsf</url-pattern>
	</filter-mapping>

	<filter>
		<filter-name>SMEncodedURLDecodingFilter</filter-name>
  		<filter-class>com.optum.trustbroker.extensions.SMEncodedURLDecodingFilter</filter-class>
 	</filter>
	<filter-mapping>
		<filter-name>SMEncodedURLDecodingFilter</filter-name>
		<url-pattern>*.jsf</url-pattern>
	</filter-mapping>

	<filter>
        <filter-name>ClickjackFilter</filter-name>
        <filter-class>com.optum.trustbroker.extensions.ClickjackFilter</filter-class>
    </filter>
	<filter-mapping> 
        <filter-name>ClickjackFilter</filter-name>
		<url-pattern>*.jsf</url-pattern>
    </filter-mapping>

    <filter>
		<filter-name>ValidateRelyingApplicationFilter</filter-name>
		<filter-class>com.optum.trustbroker.context.filter.ValidateRelyingApplicationFilter</filter-class>
	</filter>
    <filter-mapping>
		<filter-name>ValidateRelyingApplicationFilter</filter-name>
		<url-pattern>*.html</url-pattern>
	</filter-mapping>

    <filter>
		<filter-name>WebApplicationContextManagerFilter</filter-name>
		<filter-class>com.optum.trustbroker.context.filter.WebApplicationContextManagerFilter</filter-class>
	</filter>
    <filter-mapping>
		<filter-name>WebApplicationContextManagerFilter</filter-name>
		<url-pattern>*.html</url-pattern>
		<url-pattern>*.do</url-pattern>
		<url-pattern>/services/*</url-pattern>
	</filter-mapping>
   
    <filter>
        <filter-name>OidcParamFilter</filter-name>
        <filter-class>com.optum.trustbroker.filter.OidcParamFilter</filter-class>
    </filter>
    <filter-mapping>
        <filter-name>OidcParamFilter</filter-name>
        <url-pattern>*.html</url-pattern>
        <url-pattern>*.do</url-pattern>
        <url-pattern>/services/*</url-pattern>
    </filter-mapping>

	<filter>
		<filter-name>InvitationContextManagerFilter</filter-name>
		<filter-class>com.optum.trustbroker.context.filter.InvitationContextManagerFilter</filter-class>
	</filter>
	<filter-mapping>
		<filter-name>InvitationContextManagerFilter</filter-name>
		<url-pattern>*.html</url-pattern>
	</filter-mapping>

	<filter>
		<filter-name>ValidateRelyingApplicationByStateCookieFilter</filter-name>
		<filter-class>com.optum.trustbroker.context.filter.ValidateRelyingApplicationByStateCookieFilter</filter-class>
	</filter>
	<filter-mapping>
		<filter-name>ValidateRelyingApplicationByStateCookieFilter</filter-name>
		<url-pattern>*.html</url-pattern>
		<url-pattern>*.do</url-pattern>
	</filter-mapping>

	 <filter>
		<filter-name>SiteMinderContextManagerFilter</filter-name>
		<filter-class>com.optum.trustbroker.context.filter.SiteMinderContextManagerFilter</filter-class>
	</filter>
	<filter-mapping>
		<filter-name>SiteMinderContextManagerFilter</filter-name>
		<url-pattern>*.do</url-pattern>
		<url-pattern>/services/*</url-pattern>
	</filter-mapping>
    
    <servlet>
        <servlet-name>CXFServlet</servlet-name>
        <servlet-class>org.apache.cxf.transport.servlet.CXFServlet</servlet-class>
         <init-param> 
			<param-name>hide-service-list-page</param-name> 
			<param-value>true</param-value> 
		</init-param> 
		<load-on-startup>1</load-on-startup>
    </servlet>
    <servlet-mapping>
        <servlet-name>CXFServlet</servlet-name>
        <url-pattern>/services/*</url-pattern>
    </servlet-mapping>
    
    <servlet>
        <servlet-name>ErrorServlet</servlet-name>
        <servlet-class>com.optum.trustbroker.servlet.ErrorServlet</servlet-class>
        <load-on-startup>1</load-on-startup>
    </servlet>
    <servlet-mapping>
        <servlet-name>ErrorServlet</servlet-name>
        <url-pattern>/errors.do</url-pattern>
    </servlet-mapping>

	<!-- Error pages -->
	<error-page>
		<error-code>403</error-code>
		<location>/errors.do?status=403</location>
	</error-page>
	<error-page>
		<error-code>404</error-code>
		<location>/errors.do?status=404</location>
	</error-page>
	<error-page>
		<error-code>500</error-code>
		<location>/errors.do?status=500</location>
	</error-page>
	<error-page>
		<exception-type>java.lang.Throwable</exception-type>
		<location>/errors.do</location>
	</error-page>
	<session-config>
		<session-timeout>15</session-timeout>
	</session-config>
	<env-entry>
		<env-entry-name>com.sun.faces.ClientStateSavingPassword</env-entry-name>
		<env-entry-type>java.lang.String</env-entry-type>
		<env-entry-value>My#Encrypt$String</env-entry-value>
	</env-entry>
</web-app>
