<?xml version="1.0" encoding="utf-8"?>
<CatapultAliasFile>
    <Map Name="Sign_In" Link="Optum ID CSH/entry_1001_Sign_In.htm" ResolvedId="1001" />
    <Map Name="Sign_In_to_Manage_Your_Optum_ID" Link="Optum ID CSH/entry_1002_Sign_In_to_Manage_Your_Optum_ID.htm" ResolvedId="1002" />
    <Map Name="Create_an_Optum_ID" Link="Optum ID CSH/entry_1003_Create_an_Optum_ID.htm" ResolvedId="1003" />
    <Map Name="Confirm_Your_Email_Address" Link="Optum ID CSH/entry_1004_Confirm_Your_Email_Address.htm" ResolvedId="1004" />
    <Map Name="Update_Email_Address" Link="Optum ID CSH/entry_1005_Update_Email_Address.htm" ResolvedId="1005" />
    <Map Name="Email_Address_Confirmed" Link="Optum ID CSH/entry_1006_Email_Address_Confirmed.htm" ResolvedId="1006" />
    <Map Name="Adaptive_Authentication_Page" Link="Optum ID CSH/entry_1007_Adaptive_Authentication_Page.htm" ResolvedId="1007" />
    <Map Name="One_Time_Password_Sign_In_Verify_Your_Identity" Link="Optum ID CSH/entry_1008_One_Time_Password_Sign_In_Verify_Your_Identity.htm" ResolvedId="1008" />
    <Map Name="One_Time_Password_Sign_In_Verification_Code" Link="Optum ID CSH/entry_1009_One_Time_Password_Sign_In_Verification_Code.htm" ResolvedId="1009" />
    <Map Name="Security_Questions_Unrecognized_Device" Link="Optum ID CSH/entry_1010_Security_Questions_Unrecognized_Device.htm" ResolvedId="1010" />
    <Map Name="Sign_In_Additional_Information_Step_up" Link="Optum ID CSH/entry_1011_Sign_In_Additional_Information_Step_up.htm" ResolvedId="1011" />
    <Map Name="Update_Your_Account_for_Optum_ID_Migration" Link="Optum ID CSH/entry_1012_Update_Your_Account_for_Optum_ID_Migration.htm" ResolvedId="1012" />
    <Map Name="Account_Updates_Migration_Success" Link="Optum ID CSH/entry_1013_Account_Updates_Migration_Success.htm" ResolvedId="1013" />
    <Map Name="Manage_Your_Optum_ID" Link="Optum ID CSH/entry_1014_Manage_Your_Optum_ID.htm" ResolvedId="1014" />
    <Map Name="Update_Profile" Link="Optum ID CSH/entry_1015_Update_Profile.htm" ResolvedId="1015" />
    <Map Name="Change_Password_on_Profile" Link="Optum ID CSH/entry_1016_Change_Password_on_Profile.htm" ResolvedId="1016" />
    <Map Name="Manage_Verification_Options_on_Profile" Link="Optum ID CSH/entry_1017_Manage_Verification_Options_on_Profile.htm" ResolvedId="1017" />
    <Map Name="Consent" Link="Optum ID CSH/entry_1018_Consent.htm" ResolvedId="1018" />
    <Map Name="ID_Proofing_Screen" Link="Optum ID CSH/entry_1019_ID_Proofing_Screen.htm" ResolvedId="1019" />
    <Map Name="Self_Service" Link="Optum ID CSH/entry_1020_Self_Service.htm" ResolvedId="1020" />
    <Map Name="Forgot_Optum_ID_or_Password" Link="Optum ID CSH/entry_1021_Forgot_Optum_ID_or_Password.htm" ResolvedId="1021" />
    <Map Name="Find_Optum_ID_Verify_Your_Identity" Link="Optum ID CSH/entry_1022_Find_Optum_ID_Verify_Your_Identity.htm" ResolvedId="1022" />
    <Map Name="Forgot_Optum_ID_Other_Infor_from_Forgot_Optum_ID_or_Password_screen" Link="Optum ID CSH/entry_1023_Forgot_Optum_ID_Other_Infor_from_Forgot_Optum_ID_or_Password_screen.htm" ResolvedId="1023" />
    <Map Name="Forgot_Optum_ID_more_details_entered_shared_email_address" Link="Optum ID CSH/entry_1024_Forgot_Optum_ID_more_details_entered_shared_email_address.htm" ResolvedId="1024" />
    <Map Name="Forgot_Password_Shared_Email_Address" Link="Optum ID CSH/entry_1025_Forgot_Password_Shared_Email_Address.htm" ResolvedId="1025" />
    <Map Name="Reset_Password_Verification_Code" Link="Optum ID CSH/entry_1026_Reset_Password_Verification_Code.htm" ResolvedId="1026" />
    <Map Name="Reset_Password_Verify_Your_Identity_" Link="Optum ID CSH/entry_1027_Reset_Password_Verify_Your_Identity.htm" ResolvedId="1027" />
    <Map Name="Reset_Password_after_providing_mobile_verification_code" Link="Optum ID CSH/entry_1028_Reset_Password_after_providing_mobile_verification_code.htm" ResolvedId="1028" />
    <Map Name="Set_Up_Your_Security_Questions" Link="Optum ID CSH/entry_1029_Set_Up_Your_Security_Questions.htm" ResolvedId="1029" />
    <Map Name="Create_Security_Questions_Verify_Your_Identity" Link="Optum ID CSH/entry_1030_Create_Security_Questions_Verify_Your_Identity.htm" ResolvedId="1030" />
    <Map Name="Set_Up_Security_Questions_Verification_Code" Link="Optum ID CSH/entry_1031_Set_Up_Security_Questions_Verification_Code.htm" ResolvedId="1031" />
    <Map Name="Set_Up_Security_Questions_Verification_Link" Link="Optum ID CSH/entry_1032_Set_Up_Security_Questions_Verification_Link.htm" ResolvedId="1032" />
    <Map Name="Unlock_Your_Account" Link="Optum ID CSH/entry_1033_Unlock_Your_Account.htm" ResolvedId="1033" />
    <Map Name="Reset_Password_Verification_Link" Link="Optum ID CSH/entry_1034_Reset_Password_Verification_Link.htm" ResolvedId="1034" />
    <Map Name="Reset_Password_Verification_Link_Expired" Link="Optum ID CSH/entry_1035_Reset_Password_Verification_Link_Expired.htm" ResolvedId="1035" />
    <Map Name="Siteminder_Screens" Link="Optum ID CSH/entry_1036_Siteminder_Screens.htm" ResolvedId="1036" />
    <Map Name="Account_Locked" Link="Optum ID CSH/entry_1037_Account_Locked.htm" ResolvedId="1037" />
    <Map Name="Change_Password" Link="Optum ID CSH/entry_1038_Change_Password.htm" ResolvedId="1038" />
    <Map Name="Privacy_Policy" Link="Optum ID CSH/entry_1039_Privacy_Policy.htm" ResolvedId="1039" />
    <Map Name="Terms_Of_Use" Link="Optum ID CSH/entry_1040_Terms_Of_Use.htm" ResolvedId="1040" />
    <Map Name="Unable_to_Display_Page_Error_page" Link="Optum ID CSH/entry_1041_Unable_to_Display_Page_Error_page.htm" ResolvedId="1041" />
</CatapultAliasFile>