<?xml version="1.0" encoding="UTF-8"?>
<beans xmlns="http://www.springframework.org/schema/beans"
	xmlns:xsi="http://www.w3.org/2001/XMLSchema-instance"
	xmlns:cxf="http://cxf.apache.org/core"
	xmlns:http="http://cxf.apache.org/transports/http/configuration"
	xmlns:sec="http://cxf.apache.org/configuration/security"
	xmlns:context="http://www.springframework.org/schema/context"
	xmlns:aop="http://www.springframework.org/schema/aop"
	xmlns:p="http://www.springframework.org/schema/p"
	xmlns:wsa="http://cxf.apache.org/ws/addressing"
	xmlns:tx="http://www.springframework.org/schema/tx"
	xmlns:util="http://www.springframework.org/schema/util"
	xmlns:cache="http://www.springframework.org/schema/cache"
	xsi:schemaLocation="http://www.springframework.org/schema/beans
		http://www.springframework.org/schema/beans/spring-beans-3.0.xsd
		http://www.springframework.org/schema/context
		http://www.springframework.org/schema/context/spring-context-3.0.xsd
		http://www.springframework.org/schema/tx
		http://www.springframework.org/schema/tx/spring-tx-3.0.xsd
		http://cxf.apache.org/core
		http://cxf.apache.org/schemas/core.xsd
		http://cxf.apache.org/configuration/security
		http://cxf.apache.org/schemas/configuration/security.xsd
		http://cxf.apache.org/transports/http/configuration
		http://cxf.apache.org/schemas/configuration/http-conf.xsd
		http://cxf.apache.org/policy
		http://cxf.apache.org/schemas/policy.xsd
		http://cxf.apache.org/jaxws
		http://cxf.apache.org/schemas/jaxws.xsd
		http://www.springframework.org/schema/aop
		http://www.springframework.org/schema/aop/spring-aop-3.0.xsd
  	http://www.springframework.org/schema/util
		http://www.springframework.org/schema/util/spring-util-3.0.xsd
		http://www.springframework.org/schema/cache
		http://www.springframework.org/schema/cache/spring-cache.xsd">

	<import resource="classpath:spring/core-services/ctx.xml"/>
	<import resource="classpath:spring/core-services/ctx-support.xml"/>
	<import resource="classpath:spring/core-services/ctx-expression-support.xml"/>
	<import resource="classpath:spring/core-services/ctx-command.xml"/>
	<import resource="classpath:spring/core-services/ctx-ws-client.xml"/>
	<import resource="classpath:spring/ctx-email.xml"/>
	<import resource="classpath:spring/ws/ctx.xml"/>
	<import resource="classpath:spring/aacore/ctx.xml"/>
	<import resource="classpath:spring/ctx-uiToolKit.xml" />
	<import resource="classpath:spring/ctx-cxf-web.xml" />
	<import resource="classpath:spring/ctx-aop.xml" />
	<import resource="classpath:spring/ctx-spring-mvc.xml" />
	<import resource="classpath:spring/ctx-openid.xml" />
	
	<!-- Ensure that this is the very last file imported, given where this file is and what it contains,
		perhaps it made more sense for it to be in Servlet child app context -->
	<import resource="classpath:spring/ctx-alps.xml"/>

	<context:annotation-config />
	<context:component-scan base-package="com.optum.trustbroker" />
	
	<bean id="log4jInitialization" class="org.springframework.beans.factory.config.MethodInvokingFactoryBean">
		<property name="targetClass" value="org.springframework.util.Log4jConfigurer" />
		<property name="targetMethod" value="initLogging" />
		<property name="arguments" value="classpath:tb/log4j.xml" />
	</bean>
	<bean id="propertyLoader" class="com.optum.trustbroker.util.PropertyLoader" factory-method="getInstance"/>

	<cache:annotation-driven cache-manager="serviceCacheManager" />
	<bean id="serviceCacheManager" class="org.springframework.cache.ehcache.EhCacheCacheManager" p:cache-manager-ref="serviceehcache"/>
	<bean id="serviceehcache" class="org.springframework.cache.ehcache.EhCacheManagerFactoryBean" p:config-location="classpath:cache/services-ehcache.xml"/>
	
	<bean id="tbSecurityQuestionsBean" class="com.optum.trustbroker.managebean.SecurityQuestionsBean" scope="prototype"/>
	<bean id="addressVO" class="com.optum.trustbroker.vo.AddressVO" scope="prototype"/>
	<bean id="relyingPartyAppVO" class="com.optum.trustbroker.vo.RelyingPartyAppVO" scope="prototype"/>
	<bean id="uploadedImageVO" class="com.optum.trustbroker.vo.UploadedImageVO" scope="prototype"/>
	<bean id="orgLoggingUtil" class="com.optum.trustbroker.util.OrgLoggingUtil" scope="prototype"/>
	<bean id="irmLoggingUtil" class="com.optum.trustbroker.util.IrmLoggingUtil" scope="prototype"/>
	<bean id="userVO" class="com.optum.trustbroker.vo.UserVO" scope="prototype"/>
	<bean id="validationUtils" class="com.optum.trustbroker.util.ValidationUtils" />

	<!-- gtyagi1: 08/26/2015 global cookie configuration for the system -->
	<bean id="optumId.global.cookieConfiguration" class="com.optum.trustbroker.http.CookieConfiguration">
		<property name="cookieDomain" value="${optumid.global.cookie.configuration.cookieDomain}"/>
		<property name="cookiePath" value="${optumid.global.cookie.configuration.cookiePath}"/>
		<property name="cookieScope" value="${optumid.global.cookie.configuration.cookieScope}"/>
		<property name="useHttpOnlyCookies" value="${optumid.global.cookie.configuration.useHttpOnlyCookies}"/>
		<property name="useSecureCookies" value="${optumid.global.cookie.configuration.useSecureCookies}"/>
	</bean>
   
   <bean id="relyingPartyAppUtil" class="com.optum.trustbroker.util.RelyingPartyAppUtil">
		<constructor-arg index="0" ref="relyingPartyAppService"/>
		<constructor-arg index="1" ref="cryptAgent"/>
		<constructor-arg index="2" ref="invitationService"/>
		<constructor-arg index="3" ref="userVerifyCodesService"/>
		<constructor-arg index="4" ref="optumId_applicationContextRepository"/>
   </bean>

		<!-- TODO logic for this URL -->
	<util:map id="urlRedirectionMapPrevGenNextGen" map-class="java.util.HashMap" key-type="java.lang.String" value-type="java.lang.String">
		<entry key="/views/login.jsf" value="/app/index.html"/>
		<entry key="/views/userregistration.jsf" value="/app/index.html#/registration"/>
		<entry key="/views/verifyAccount.jsf" value="/app/index.html#/verifyAccount"/>
		<entry key="/views/resetaccount.jsf" value="/app/index.html#/resetPassword"/>
		<entry key="/views/resetaccount.jsf" value="/app/index.html#/createSecQns"/>
		<entry key="/secure/updateuserprofile.jsf" value="/app/secure/home.html#/profileinfo"/>
		<entry key="/secure/changepwd.jsf" value="/app/secure/home.html#/changepwd"/>
		<entry key="/secure/updatesecurityquestions.jsf" value="/app/secure/home.html#/verifyoptions"/>
	</util:map>

	<util:map id="urlRedirectionMapIntermediateNextGen" map-class="java.util.HashMap" key-type="java.lang.String" value-type="java.lang.String">
		<entry key="/oidc" value="/app/index.html"/>
		<entry key="/link/login" value="/app/index.html"/>
		<entry key="/link/home" value="/app/secure/home.do"/>
		<entry key="/link/registration" value="/app/index.html#/registration"/>
		<entry key="/link/verify-account" value="/app/index.html#/verifyAccount"/>
		<entry key="/link/reset-password" value="/app/index.html#/resetPassword"/>
		<entry key="/link/setup-security-questions" value="/app/index.html#/createSecQns"/>
		<entry key="/link/update-profile" value="/app/secure/home.html#/profileinfo"/>
		<entry key="/link/change-password" value="/app/secure/home.html#/changepwd"/>
		<entry key="/link/update-security-questions" value="/app/secure/home.html#/verifyoptions"/>
	</util:map>

	<util:map id="urlRedirectionMapIntermediatePrevGen" map-class="java.util.HashMap" key-type="java.lang.String" value-type="java.lang.String">
		<entry key="/oidc" value="/views/login.jsf"/>
		<entry key="/link/login" value="/views/login.jsf"/>
		<entry key="/link/home" value="/secure/home.jsf"/>
		<entry key="/link/registration" value="/views/userregistration.jsf"/>
		<entry key="/link/verify-account" value="/views/verifyAccount.jsf"/>
		<entry key="/link/reset-password" value="/views/resetaccount.jsf"/>
		<entry key="/link/setup-security-questions" value="/views/resetaccount.jsf"/>
		<entry key="/link/update-profile" value="/secure/updateuserprofile.jsf"/>
		<entry key="/link/change-password" value="/secure/changepwd.jsf"/>
		<entry key="/link/update-security-questions" value="/secure/updatesecurityquestions.jsf"/>
	</util:map>

	<bean id="uriNextGenLogin" class="java.lang.String">
		<constructor-arg value="/app/index.html"/>
	</bean>
	<bean id="uriNextGenHome" class="java.lang.String">
		<constructor-arg value="/app/secure/home.do"/>
	</bean>
	<bean id="uriPrevGenLogin" class="java.lang.String">
		<constructor-arg value="/views/login.jsf"/>
	</bean>
	<bean id="uriNextGenResetPassWord" class="java.lang.String">
		<constructor-arg value="/app/index.html#/resetPassword"/>
	</bean>
	<bean id="uriNextGenSetupSecQuestions" class="java.lang.String">
		<constructor-arg value="/app/index.html#/createSecQns"/>
	</bean>
	<bean id="uriPrevGenSpecialResetCase" class="java.lang.String">
		<constructor-arg value="/views/resetaccount.jsf"/>
	</bean>
	<bean id="uriNextGenAuthCodeExpiredCase" class="java.lang.String">
		<constructor-arg value="/app/index.html#/resetPwdLinkExp"/>
	</bean>
   
	<bean id="urlOldGenMissing" class="java.lang.String">
		<constructor-arg value="/views/resourenotfound.jsf"/>
	</bean>
	<bean id="urlOldGenForbidden" class="java.lang.String">
		<constructor-arg value="/views/tberrorpage.jsf"/>
	</bean>
	<bean id="urlOldGenInternal" class="java.lang.String">
		<constructor-arg value="/views/tberrorpage.jsf"/>
	</bean>
	<bean id="urlNewGenMissing" class="java.lang.String">
		<constructor-arg value="/app/index.html#/errorMissing"/>
	</bean>
	<bean id="urlNewGenForbidden" class="java.lang.String">
		<constructor-arg value="/app/index.html#/errorForbidden"/>
	</bean>
	<bean id="urlNewGenInternal" class="java.lang.String">
		<constructor-arg value="/app/index.html#/error"/>
	</bean>
</beans>