<?xml version="1.0" encoding="UTF-8"?>
<beans xmlns="http://www.springframework.org/schema/beans"
		xmlns:xsi="http://www.w3.org/2001/XMLSchema-instance"
		xmlns:cxf="http://cxf.apache.org/core"
		xmlns:jaxws="http://cxf.apache.org/jaxws"
		xmlns:jaxrs="http://cxf.apache.org/jaxrs"
		xsi:schemaLocation="
			http://cxf.apache.org/core http://cxf.apache.org/schemas/core.xsd
			http://www.springframework.org/schema/beans 
			http://www.springframework.org/schema/beans/spring-beans.xsd
			http://cxf.apache.org/jaxrs http://cxf.apache.org/schemas/jaxrs.xsd
			http://cxf.apache.org/jaxws http://cxf.apache.org/schemas/jaxws.xsd">
	
	<import resource="classpath:META-INF/cxf/cxf.xml"/>
	<import resource="classpath:META-INF/cxf/cxf-servlet.xml"/>
	
  	<jaxrs:server id="restService" address="/">
  		<jaxrs:serviceBeans>
  			<ref bean="geographyController"/>
  			<ref bean="termsAndConditionsController"/>
  			<ref bean="whiteLabelController"/>
  			<ref bean="userNameController"/>
  			<ref bean="forgotAccessController"/>
  			<ref bean="loginController"/>
  			<ref bean="commonController"/>
  			<ref bean="relyingPartyApplicationController"/>
  			<ref bean="profileInfoController"/>
  			<ref bean="resetPasswordController"/>
  			<ref bean="registrationController"/>
  			<ref bean="userController"/>
  			<ref bean="mobileOtpController"/>
  			<ref bean="changePasswordController"/>
  			<ref bean="verifyCodesController"/>
  			<ref bean="baseController"/>
        	<ref bean="updateCommunicationController"/>
			<ref bean="userStepupController"/>
			<ref bean="verificationOptionsController"/>
			<ref bean="securityQuestionsController"/>
			<ref bean="addRecoveryMethodsController"/>
			<ref bean="idProofingController"/>
			<ref bean="siteminderController"/>
			<ref bean="verifyRecoveryOptionsController" />
			<ref bean="confirmationEmailController" />
			<ref bean="commonSecureController"/>
  		</jaxrs:serviceBeans>    		
  		<jaxrs:providers>
		   <bean class="org.codehaus.jackson.jaxrs.JacksonJsonProvider"/>
		</jaxrs:providers>		
		<jaxrs:extensionMappings>
            <entry key="json" value="application/json" /> <!-- use .json to get data in JSON format -->                       
        </jaxrs:extensionMappings>
  		<jaxrs:features>
		     <cxf:logging/>
		</jaxrs:features>
  	</jaxrs:server>

	<bean id="whiteLabelController" class="com.optum.trustbroker.controller.WhiteLabelController" />
	<bean id="userNameController" class="com.optum.trustbroker.controller.UserNameController" />
	<bean id="forgotAccessController" class="com.optum.trustbroker.controller.ForgotAccessController" />
	<bean id="loginController" class="com.optum.trustbroker.controller.LoginController" />
	<bean id="relyingPartyApplicationController" class="com.optum.trustbroker.controller.RelyingPartyApplicationController" />
	<bean id="commonController" class="com.optum.trustbroker.controller.CommonController"/>
	<bean id="profileInfoController" class="com.optum.trustbroker.controller.ProfileInfoController" />
	<bean id="resetPasswordController" class="com.optum.trustbroker.controller.ResetPasswordController" />
	<bean id="registrationController" class="com.optum.trustbroker.controller.RegistrationController" />
	<bean id="mobileOtpController" class="com.optum.trustbroker.controller.MobileOtpController" />
	<bean id="changePasswordController" class="com.optum.trustbroker.controller.ChangePwdController" />
	<bean id="verifyCodesController" class="com.optum.trustbroker.controller.VerifyCodesController" />
	<bean id="baseController" class="com.optum.trustbroker.controller.BaseController" />
 	<bean id="updateCommunicationController" class="com.optum.trustbroker.controller.UpdateCommunicationController" />
 	<bean id="userStepupController" class="com.optum.trustbroker.controller.UserStepupController" />
	<bean id="verificationOptionsController" class="com.optum.trustbroker.controller.VerificationOptionsController" />
	<bean id="securityQuestionsController" class="com.optum.trustbroker.controller.SecurityQuestionsController" />
	<bean id="userController" class="com.optum.trustbroker.controller.UserController" />
	<bean id="addRecoveryMethodsController" class="com.optum.trustbroker.controller.AddAccountRecoveryController" />
	<bean id="siteminderController" class="com.optum.trustbroker.controller.SiteminderController" />
	<bean id="verifyRecoveryOptionsController" class="com.optum.trustbroker.controller.VerifyRecoveryOptionsController" />
	<bean id="confirmationEmailController" class="com.optum.trustbroker.controller.ConfirmationEmailController" />
	<bean id="commonSecureController" class="com.optum.trustbroker.controller.CommonSecureController"/>
</beans>