<beans xmlns="http://www.springframework.org/schema/beans"
	xmlns:xsi="http://www.w3.org/2001/XMLSchema-instance"
	xmlns:aop="http://www.springframework.org/schema/aop"
	xsi:schemaLocation="http://www.springframework.org/schema/beans
	http://www.springframework.org/schema/beans/spring-beans-2.5.xsd
	http://www.springframework.org/schema/aop 
    http://www.springframework.org/schema/aop/spring-aop-3.0.xsd">

	<bean id="productResources"
		class="com.ingenix.uitoolkit.extendingProperties.ProductResourcesMessageProvider">
		<property name="facesContextProvider" ref="facesContextProviderBean" />
	</bean>
	<bean id="productErrorMessages"
		class="com.ingenix.uitoolkit.extendingProperties.ProductErrorMessageProvider">
		<property name="facesContextProvider" ref="facesContextProviderBean" />
	</bean>
	<bean id="facesContextProviderBean"
		class="com.ingenix.uitoolkit.extendingProperties.FacesContextProvider">
		<property name="UIViewRootMock">
			<ref bean="UIViewRootBean" />
		</property>
	</bean>
	
	<bean id="UIViewRootBean"
		class="com.ingenix.uitoolkit.extendingProperties.UIViewRootProvider">
	</bean>

	<!-- <bean id="role" class="com.ingenix.uitoolkit.authenticators.RoleForNormalTests">
	</bean>

	<bean id="permission"
		class="com.ingenix.uitoolkit.authenticators.PermissionForNormalTests">
	</bean>

	<bean id="security"
		class="com.ingenix.uitoolkit.authenticators.UIToolKitSpringSecurity">
	</bean>

	<bean id="roleDTO" class="com.ingenix.uitoolkit.entities.user.Role"
		scope="prototype">
	</bean>

	<bean id="userDTO" class="com.ingenix.uitoolkit.entities.user.User"
		scope="prototype">
	</bean>

	<bean id="authenticator"
		class="com.ingenix.uitoolkit.authenticators.AuthenticatorForNormalTests">
		<property name="usernameToPassword">
			<map>
				<entry key="joe">
					<value>J1zPtCv7yOT3jVEvpQtaSgYsoFWv3DqjZpU9Jahc+Ms=</value>
				</entry>
				<entry key="ben">
					<value>jDEQMtO8jjJkCP2zTfbshI8P80Qh6Eu+0xe+xdbs/gI=</value>
				</entry>
			</map>
		</property>
		<property name="security">
			<ref bean="security" />
		</property>
	</bean>

	<bean id="manageAuthentication"
		class="com.ingenix.uitoolkit.factories.modelToDtoFactories.ManageAuthentication">
	</bean>

	<bean id="manageUserSearch"
		class="com.ingenix.uitoolkit.factories.modelToDtoFactories.ManageUserSearch">
	</bean>

	<bean id="managePatientSearch"
		class="com.ingenix.uitoolkit.factories.modelToDtoFactories.ManagePatientSearch">
	</bean>
	
	<bean id="userAdmin"
		class="com.ingenix.uitoolkit.factories.modelToDtoFactories.UserAdmin">
	</bean>

	<bean id="editUser"
		class="com.ingenix.uitoolkit.factories.modelToDtoFactories.EditUser">
	</bean>

	<bean id="editUserBean" class="com.ingenix.uitoolkit.pojos.EditUserBean" scope="session" >
		<property name="authenticationController" ref="authenticationController" />
	</bean>

	<bean id="viewUserProfileBean" class="com.ingenix.uitoolkit.pojos.ViewUserProfileBean" scope="session">
		<property name="authenticationController" ref="authenticationController" />
	</bean>

	<bean id="addRole"
		class="com.ingenix.uitoolkit.factories.modelToDtoFactories.AddRole">
	</bean>

	<bean id="editRole"
		class="com.ingenix.uitoolkit.factories.modelToDtoFactories.EditRole">
	</bean>

	<bean id="editRoleBean" class="com.ingenix.uitoolkit.pojos.EditRoleBean" scope="session">
		<property name="authenticationController" ref="authenticationController" />
	</bean>

	<bean id="editUserProfile"
		class="com.ingenix.uitoolkit.factories.modelToDtoFactories.EditUserProfile">
	</bean>

	<bean id="securityQuestions"
		class="com.ingenix.uitoolkit.factories.modelToDtoFactories.SecurityQuestions">
	</bean>


	<bean id="populateAuthenticationScreen"
		class="com.ingenix.uitoolkit.factories.dtoToModelFactories.PopulateAuthenticationScreen">
	</bean>

	<bean id="populateEditUserScreen"
		class="com.ingenix.uitoolkit.factories.dtoToModelFactories.PopulateEditUserScreen">
	</bean>

	<bean id="populateEditRoleScreen"
		class="com.ingenix.uitoolkit.factories.dtoToModelFactories.PopulateEditRoleScreen">
	</bean>

	<bean id="populateViewUserProfileScreen"
		class="com.ingenix.uitoolkit.factories.dtoToModelFactories.PopulateViewUserProfileScreen">
	</bean>

	<bean id="populateViewPatientSummaryScreen"
		class="com.ingenix.uitoolkit.factories.dtoToModelFactories.PopulatePatientSummaryScreen">
	</bean>
	
	<bean id="dtoFactory" class="com.ingenix.uitoolkit.factories.DtoFactory">
		<property name="backingBeanToEntity">
			<map>
				<entry key="com.ingenix.uitoolkit.pojos.ManageUsersSearchBean">
					<ref bean="manageUserSearch" />
				</entry>
				<entry key="com.ingenix.uitoolkit.pojos.AuthenticationBean">
					<ref bean="manageAuthentication" />
				</entry>
				<entry key="com.ingenix.uitoolkit.pojos.UserAdminBean">
					<ref bean="userAdmin" />
				</entry>
				<entry key="com.ingenix.uitoolkit.pojos.AddRoleBean">
					<ref bean="addRole" />
				</entry>
				<entry key="com.ingenix.uitoolkit.pojos.EditRoleBean">
					<ref bean="editRole" />
				</entry>
				<entry key="com.ingenix.uitoolkit.pojos.EditUserBean">
					<ref bean="editUser" />
				</entry>
				<entry key="com.ingenix.uitoolkit.pojos.EditUserProfileBean">
					<ref bean="editUserProfile" />
				</entry>
				<entry key="com.ingenix.uitoolkit.pojos.SecurityQuestionsBean">
					<ref bean="securityQuestions" />
				</entry>
				<entry key="com.ingenix.uitoolkit.pojos.AuditBeanLog4j">
					<ref bean="auditScreen" />
				</entry>
				<entry key="com.ingenix.uitoolkit.pojos.ManagePatientSearchBean">
					<ref bean="managePatientSearch" />
				</entry>
			</map>
		</property>
		<property name="dtoToModel">
			<map>
				<entry key="com.ingenix.uitoolkit.pojos.AuthenticationBean">
					<ref bean="populateAuthenticationScreen" />
				</entry>
				<entry key="com.ingenix.uitoolkit.pojos.EditUserBean">
					<ref bean="populateEditUserScreen" />
				</entry>
				<entry key="com.ingenix.uitoolkit.pojos.EditRoleBean">
					<ref bean="populateEditRoleScreen" />
				</entry>
				<entry key="com.ingenix.uitoolkit.pojos.ViewUserProfileBean">
					<ref bean="populateViewUserProfileScreen" />
				</entry>
				<entry key="com.ingenix.uitoolkit.pojos.AuditBeanLog4j">
					<ref bean="populateAuditScreen" />
				</entry>
				<entry key="com.ingenix.uitoolkit.pojos.ViewPatientDetailsBean">
					<ref bean="populateViewPatientSummaryScreen" />
				</entry>
			</map>
		</property>
	</bean>

	<bean id="user" class="com.ingenix.uitoolkit.entities.user.User">
	</bean>

	<bean id="authenticationController" scope="session"
		class="com.ingenix.uitoolkit.controllers.AuthenticationController">
		<aop:scoped-proxy proxy-target-class="false"/>
		<property name="authenticator">
			<ref bean="authenticator" />
		</property>
		<property name="role">
			<ref bean="role" />
		</property>
		<property name="permission">
			<ref bean="permission" />
		</property>
		<property name="user">
			<ref bean="user" />
		</property>
		<property name="dtoFactory">
			<ref bean="dtoFactory" />
		</property>
		<property name="security">
			<ref bean="security" />
		</property>
		<property name="userSearchController">
			<ref bean="userSearchController" />
		</property>
	</bean>
	
	<bean id="authenticationControllerSingleton"
		class="com.ingenix.uitoolkit.controllers.AuthenticationController">
		<property name="authenticator">
			<ref bean="authenticator" />
		</property>
		<property name="role">
			<ref bean="role" />
		</property>
		<property name="permission">
			<ref bean="permission" />
		</property>
		<property name="dtoFactory">
			<ref bean="dtoFactory" />
		</property>
		<property name="security">
			<ref bean="security" />
		</property>
		<property name="userSearchController">
			<ref bean="userSearchController" />
		</property>
	</bean>

	<bean id="uiToolKitUtil" class="com.ingenix.uitoolkit.util.UIToolKitUtil">
	</bean>
	
	<bean id="beanFactory" class="com.ingenix.uitoolkit.util.UIToolKitBeanFactory">
	</bean>

	<bean id="runUsersDeactivation"
		class="org.springframework.scheduling.quartz.MethodInvokingJobDetailFactoryBean">
		<property name="targetObject" ref="uiToolKitUtil" />
		<property name="targetMethod" value="disableInactiveUsers" />
	</bean>

	<bean id="cronTrigger" class="com.ingenix.uitoolkit.util.CronTriggerUtil">
		<property name="jobDetail" ref="runUsersDeactivation" />
		<property name="propertyForCronExpression" value="PeriodForUsersInactivationJobCron" />
	</bean>

	<bean id="schedulerFactoryBean"
		class="org.springframework.scheduling.quartz.SchedulerFactoryBean">
		<property name="triggers">
			<list>
				<ref bean="cronTrigger" />
				here you can add additional triggers
			</list>
		</property>
	</bean>
	
	<bean id="richfacesListBean"
		class="com.ingenix.uitoolkit.pojos.RichFacesListBean">
	</bean>
	
	<bean id="richFacesProgressBarBean"
		class="com.ingenix.uitoolkit.pojos.RichFacesProgressBarBean">
	</bean>
	
	<bean id="richFacesTreeBean"
		class="com.ingenix.uitoolkit.pojos.RichFacesTreeBean">
	</bean>
	<bean id="richFacesTreeBean2"
		class="com.ingenix.uitoolkit.pojos.RichFacesTreeBean2">
	</bean>
	<bean id="auditDTO" class="com.ingenix.uitoolkit.entities.audit.Audit"
		scope="prototype">
	</bean>
	<bean id="auditLog" class="com.ingenix.uitoolkit.pojos.AuditLog">
		<property name="auditBeanIOC" ref="auditBean" />
	</bean>
	<bean id="auditBean" class="com.ingenix.uitoolkit.pojos.AuditBeanLog4j">
	</bean>
	<bean id="auditScreen"
		class="com.ingenix.uitoolkit.factories.modelToDtoFactories.AuditScreen">
	</bean>
	<bean id="populateAuditScreen"
		class="com.ingenix.uitoolkit.factories.dtoToModelFactories.PopulateAuditScreen">
	</bean>
	<bean id="messageSender" class="com.ingenix.uitoolkit.util.MessageSender">
		<property name="authenticationController">
			<ref bean="authenticationController" />
		</property>
	</bean>
	<bean id="userSearchController" class="com.ingenix.uitoolkit.controllers.UserSearchController">
		<property name="authenticator">
			<ref bean="authenticator" />
		</property>
		<property name="dtoFactory">
			<ref bean="dtoFactory" />
		</property>		
	</bean>	
	
	<bean id="patientSearchController" class="com.ingenix.uitoolkit.controllers.PatientSearchController">
		<property name="patientDataContainer">
			<ref bean="patientDataContainer" />
		</property>	
		<property name="dtoFactory">
			<ref bean="dtoFactory" />
		</property>		
	</bean>
	
	AOP Exception Handling for BackEndException
	<bean id="throwExceptionBeanAdvice" class="com.ingenix.uitoolkit.exceptions.BackEndExceptionAdvice" >
	   <property name="errorMessageMap">
			<map>
				<entry key="UserAdminBean.init">
					<value>manageRolesBackEndErrorMessage</value>
				</entry>
				<entry key="UserAdminBean.addUserRecord">
					<value>createAuthenticationRecordBackEndErrorMessage</value>
				</entry>
				<entry key="UserAdminBean.onSave">
					<value>adminAddUserBackEndErrorMessage</value>
				</entry>
			</map>
		</property>
	</bean>
 
	<bean id="customBackEndExceptionAdvisor"
		class="org.springframework.aop.support.NameMatchMethodPointcutAdvisor">
		<property name="mappedName" value="*" />
		<property name="advice" ref="throwExceptionBeanAdvice" />
	</bean>
	
	<bean
		class="org.springframework.aop.framework.autoproxy.BeanNameAutoProxyCreator">
		<property name="beanNames">
			<list>
			    <value>authenticator</value>
				<value>authenticationController</value>
				<value>userSearchController</value>
				<value>messageSender</value>
				<value>auditBean</value>
				<value>patientDataContainer</value>
			</list>
		</property>
		<property name="interceptorNames">
			<list>
				<value>customBackEndExceptionAdvisor</value>
			</list>
		</property>
	</bean>
	 -->

</beans>