<?xml version="1.0" encoding="UTF-8"?>
<beans xmlns="http://www.springframework.org/schema/beans"
	xmlns:aop="http://www.springframework.org/schema/aop" xmlns:xsi="http://www.w3.org/2001/XMLSchema-instance"
	xmlns:p="http://www.springframework.org/schema/p"
	xsi:schemaLocation="http://www.springframework.org/schema/beans
       		http://www.springframework.org/schema/beans/spring-beans-3.1.xsd
          http://www.springframework.org/schema/aop
          http://www.springframework.org/schema/aop/spring-aop-3.1.xsd">

	<bean id="restServicesControllerExceptionAspect"
		class="com.optum.trustbroker.aop.RestControllerExceptionGeneralizationAspect">
		<property name="rethrowList">
			<set value-type="java.lang.Class">
			</set>
		</property>
	</bean>

	<aop:config>
		<aop:pointcut id="restControllerPointCut"
			expression="execution(* com.optum.trustbroker.controller.*.*(..))" />

		<aop:aspect ref="restServicesControllerExceptionAspect" order="1">
			<aop:around method="execute" pointcut-ref="restControllerPointCut" />
		</aop:aspect>
	</aop:config>
</beans>