<?xml version="1.0" encoding="UTF-8"?>
<beans xmlns="http://www.springframework.org/schema/beans"
	xmlns:xsi="http://www.w3.org/2001/XMLSchema-instance"
	xmlns:context="http://www.springframework.org/schema/context"
	xmlns:aop="http://www.springframework.org/schema/aop"
	xmlns:p="http://www.springframework.org/schema/p"
	xmlns:tx="http://www.springframework.org/schema/tx"
	xmlns:util="http://www.springframework.org/schema/util"
	xsi:schemaLocation="http://www.springframework.org/schema/beans
		http://www.springframework.org/schema/beans/spring-beans-3.0.xsd
		http://www.springframework.org/schema/context
		http://www.springframework.org/schema/context/spring-context-3.0.xsd
		http://www.springframework.org/schema/tx
		http://www.springframework.org/schema/tx/spring-tx-3.0.xsd
		http://www.springframework.org/schema/aop
		http://www.springframework.org/schema/aop/spring-aop-3.0.xsd
	  http://www.springframework.org/schema/util
		http://www.springframework.org/schema/util/spring-util-3.0.xsd">

	<!-- ALPS Authentication Service related beans -->
	<!-- ALPS Authentication related service loaded and providers registered -->
	<import resource="classpath:spring/tbalps/auth/alps-authentication-service-default-context.xml"/>
	<!-- Register ALPS SSO Authentication related providers -->
	<import resource="classpath:spring/tbalps/auth/sso/alps-authentication-inbound-sso-default-context.xml"/>
	<import resource="classpath:spring/tbalps/auth/sso/alps-authentication-inbound-sso-delegated-secondary-auth-context.xml"/>
	<!-- Register ALPS Delegated Authentication Provider -->
	<import resource="classpath:spring/tbalps/auth/siteminder/alps-authentication-dlws-provider-context.xml"/>
	<!-- ALPS SSO SDK related service XML loaded and two SSO providers registered -->
	<import resource="classpath:spring/tbalps/sso/alps-sso-service-context-with-external-ConfigurationService-init.xml"/>
	<!-- Initialize SSO Service with no implicit ConfigurationService -->
	<import resource="classpath:spring/tbalps/sso/alps-refreshable-xml-config-context.xml"/> <!-- Loading the refreshable XML config context -->
	<import resource="classpath:spring/tbalps/sso/providers/saml/alps-pingfederate-opentoken-context.xml" />
	<import resource="classpath:spring/tbalps/sso/providers/websso/alps-siteminder-websso-context.xml" />

	<bean id="redirectingHttpResponseExecutorImpl" class="com.uhg.iam.alps.common.http.RedirectingHttpResponseExecutorImpl" />

	<!-- gtyagi1: Inbound SsoSecurityFilter -->
	<bean id="optumId_inboundSsoSecurityFilter" class="com.optum.trustbroker.extensions.InboundSsoSecurityFilter">
		<constructor-arg name="authenticationService" ref="providerDelegatingAuthenticationService"/> <!-- Authentication service API from ALPS-Authentication -->
	 	<constructor-arg name="authTokenPreprator" ref="directInboundSsoAuthTokenPreprator"/> <!-- Direct inbound SSO Security AuthToken preprator offered from ALPS-Authentication SDK -->
		<constructor-arg name="userNameCallbackHandler" ref="optumId_usernameCallbackHandler"/> <!-- Defined in core services support XML -->
		<property name="redirectStrategy">
			<bean class="com.uhg.iam.alps.common.http.SimpleRedirectStrategy"/>
		</property>
		
		<!-- gtyagi1: Properties ideally should have been externalized - ideally trustBrokerResources_en_US.properties should have
			been fed to a property placeholders, don't want to do it not knowing what else it ends up impacting, these values
			are hardcoded in managed beans right now - BAD, should overhaul the whole thing, beyond the scope of SSO -->
		<property name="errorUrl" value="/link/login"/>
		<property name="firstTimeSsoUserUrl" value="/link/registration"/> <!-- I think it's better to send user to login page but then it's a UX question which granted doesn't think UHG way! -->
		<property name="successfulLoginUrl" value="/link/home"/>
		<property name="userLockedUrl" value="/link/login?userid={0}&amp;reason=l"/> <!-- variable will be substituted at run time -->
		<property name="loginUrl" value="/link/login"/>
		<property name="eventPublisherService" ref="optumId_eventPublisherService"/>
		<property name="setUserInUserLockedRedirectUrl" value="${optumid.inboundSsoSecurityFilter.setUserInUserLockedRedirectUrl}"/> 
		<property name="cookieConfiguration" ref="optumId.global.cookieConfiguration"/>
	</bean>
	
	<bean id="optumidSMDlwsBasedLoginService"
		class="com.optum.trustbroker.esso.NonRedirectingLoginServiceWrapper">
		<constructor-arg name="loginServiceDelegate">
			<bean
				class="com.uhg.iam.alps.authentication.sm.core.dlws.DlwsBasedLoginServiceImpl">
				<constructor-arg name="delegatedLogin" ref="smDelegatedLoginServicePort" />
				<constructor-arg name="appId" value="${alps.auth.sm.dlws.appid}" />
				<property name="validator" ref="smUsernameValidator" />
			</bean>
		</constructor-arg>
		<constructor-arg name="redirectStrategy">
			<bean
				class="com.uhg.iam.alps.authentication.sm.core.CookieProviderAwareRedirectStrategy">
				<constructor-arg name="redirectStrategyDelegate">
					<bean class="com.uhg.iam.alps.common.http.SimpleRedirectStrategy" />
				</constructor-arg>
				<constructor-arg name="smConfiguration" ref="smConfiguration" />
				<property name="cookieProviderConfiguration" ref="smCookieProviderConfiguration" />
			</bean>
		</constructor-arg>
		<constructor-arg name="smConfiguration" ref="smConfiguration" />
	</bean>

	<!-- Bean for ApplicationContext Integration filter -->
	<bean id="optumId_applicationContextIntegrationFilter" class="com.optum.trustbroker.context.integration.ApplicationContextIntegrationFilter">
		<constructor-arg ref="optumId_applicationContextRepository"/>
		<property name="ignoreProcessingIfContextPreviouslySet" value="true"/> <!-- Too much functional, no need to make this externally configurable! -->
	</bean>
	
	<!-- Repository for ApplicationContext -->
	<bean id="optumId_applicationContextRepository" class="com.optum.trustbroker.context.persistence.SessionBindingApplicationContextRepository"/>
		
</beans>